date, google_leads , google_wins , facebook_leads , facebook_wins , youtube_leads , youtube_wins , pinterest_leads , pinterest_wins , bing_leads , bing_wins , instagram_leads , instragram_wins , linkedin_leads , linkedin_wins , salesforce_leads , salesforce_wins ,other_l,other_w, total_leads , total_wins ,conversion_percent
8/31/19,710,36,2243,6,247,1,105,7,369,22,26,1,92,5,466,38,290,88,"4,548",202, 0.044 
8/30/19,892,42,1998,12,229,0,135,9,529,14,67,5,0,0,488,1,278,0,"4,616",64, 0.014 
8/29/19,860,78,2508,147,194,2,89,6,170,0,171,0,121,1,625,46,331,0,"5,069",267, 0.053 
8/28/19,658,51,545,15,222,8,89,6,53,3,130,8,136,7,672,20,295,49,"2,800",166, 0.059 
8/27/19,568,20,1583,33,210,0,117,8,305,25,99,3,144,8,450,48,327,96,"3,803",239, 0.063 
8/26/19,849,45,1042,0,169,9,109,7,346,2,83,5,71,1,517,52,329,3,"3,516",124, 0.035 
8/25/19,928,25,1624,33,225,4,81,5,0,0,91,4,243,6,577,78,166,44,"3,936",199, 0.051 
8/24/19,532,27,1097,8,196,0,126,8,639,44,98,7,106,0,543,39,363,4,"3,702",138, 0.037 
8/23/19,986,66,1430,28,205,8,119,8,980,37,84,3,105,4,369,22,236,94,"4,515",271, 0.060 
8/22/19,675,57,1237,67,199,10,137,9,182,0,104,6,148,15,673,99,206,22,"3,560",284, 0.080 
8/21/19,1155,64,501,11,212,0,104,7,352,13,107,5,75,11,531,0,215,43,"3,252",152, 0.047 
8/20/19,947,47,1790,127,237,9,115,7,635,38,128,16,119,0,562,26,324,34,"4,857",305, 0.063 
8/19/19,701,49,1936,0,184,0,112,7,951,0,75,4,78,0,394,3,273,93,"4,704",156, 0.033 
8/18/19,1490,142,1902,0,204,0,114,7,713,0,59,6,98,5,529,33,307,0,"5,415",136, 0.025 
8/17/19,952,58,751,0,216,2,129,8,752,74,127,12,110,5,535,64,357,171,"3,930",393, 0.100 
8/16/19,1054,52,2542,0,218,0,150,10,213,4,130,0,0,0,559,77,286,0,"5,152",130, 0.025 
8/15/19,47,2,1588,74,233,4,99,6,560,19,98,0,121,3,533,41,264,10,"3,542",159, 0.045 
8/14/19,160,12,1802,0,236,0,116,8,663,0,46,2,17,0,555,10,327,44,"3,921",77, 0.020 
8/13/19,137,9,1417,0,210,9,102,7,317,15,65,4,102,5,347,41,341,14,"3,038",103, 0.034 
8/12/19,602,20,636,0,196,2,139,9,548,24,50,3,64,1,596,63,322,70,"3,152",191, 0.060 
8/11/19,571,20,1348,104,179,3,94,6,179,0,76,3,151,0,540,14,223,143,"3,361",294, 0.087 
8/10/19,522,12,496,0,188,5,125,8,783,55,145,0,103,9,512,22,337,81,"3,213",193, 0.060 
8/9/19,579,21,1526,36,225,9,90,6,578,44,117,6,117,0,417,8,322,63,"3,971",194, 0.049 
8/8/19,1226,111,944,0,197,20,119,8,762,76,84,0,42,1,556,53,313,152,"4,243",420, 0.099 
8/7/19,673,33,1037,0,171,0,102,7,426,3,127,9,55,1,502,1,384,64,"3,478",119, 0.034 
8/6/19,832,53,1208,73,198,0,100,6,752,40,65,3,64,1,365,0,321,35,"3,906",211, 0.054 
8/5/19,697,39,787,0,230,0,139,9,840,1,72,0,85,0,511,82,316,35,"3,676",167, 0.045 
8/4/19,957,33,2265,17,170,0,109,7,902,33,112,3,22,1,423,62,291,0,"5,250",141, 0.027 
8/3/19,757,45,1571,28,243,0,107,7,691,0,64,0,56,4,351,45,328,141,"4,167",270, 0.065 
8/2/19,493,28,2136,16,210,14,123,8,564,39,127,0,135,12,764,0,269,15,"4,821",132, 0.027 
8/1/19,853,55,962,33,231,14,114,7,791,41,65,8,108,7,392,44,292,32,"3,807",242, 0.064 
7/31/19,888,66,417,19,255,0,124,8,476,38,68,1,80,20,492,0,284,135,"3,084",288, 0.093 
7/30/19,1321,74,1554,59,231,11,127,8,742,57,59,4,18,1,692,96,353,47,"5,097",356, 0.070 
7/29/19,981,39,681,21,207,0,149,10,1189,66,161,0,127,6,565,24,325,81,"4,386",246, 0.056 
7/28/19,901,42,1114,0,206,6,116,8,362,2,115,9,109,6,650,83,267,0,"3,839",100, 0.026 
7/27/19,1591,103,978,0,209,8,95,6,643,24,46,2,80,3,598,17,280,0,"4,521",75, 0.017 
7/26/19,517,27,1186,0,192,5,135,9,792,12,80,6,93,8,580,80,256,59,"3,831",206, 0.054 
7/25/19,1086,61,1588,9,233,19,81,5,418,0,110,0,109,11,280,31,197,69,"4,103",205, 0.050 
7/24/19,732,25,675,0,193,22,106,7,1166,33,6,0,0,0,568,20,274,0,"3,720",94, 0.025 
7/23/19,671,30,1740,0,188,0,112,7,869,22,185,6,140,16,295,9,278,116,"4,477",205, 0.046 
7/22/19,804,66,1545,78,220,16,140,9,0,0,139,11,199,23,606,63,290,33,"3,943",298, 0.076 
7/21/19,752,34,476,2,215,14,118,8,747,40,87,3,114,13,536,0,211,182,"3,256",295, 0.091 
7/20/19,425,28,1010,45,163,2,113,7,321,1,124,6,94,0,657,93,326,87,"3,232",270, 0.083 
7/19/19,693,65,803,59,209,0,106,7,664,0,96,2,137,0,677,10,338,71,"3,723",213, 0.057 
7/18/19,1016,43,1027,66,200,6,139,9,1005,27,122,6,110,0,641,127,318,0,"4,578",240, 0.052 
7/17/19,944,83,1346,0,163,4,110,7,663,31,115,4,139,6,646,49,305,16,"4,431",199, 0.045 
7/16/19,658,41,2475,0,198,10,107,7,868,0,96,5,155,2,541,76,320,18,"5,419",159, 0.029 
7/15/19,769,36,1873,56,218,0,131,8,881,0,78,3,101,0,576,36,245,133,"4,872",271, 0.056 
7/14/19,654,33,1175,46,199,18,110,7,576,14,135,10,103,0,578,19,231,139,"3,761",287, 0.076 
7/13/19,772,32,1018,45,238,0,97,6,174,6,111,3,85,1,447,27,326,42,"3,266",161, 0.049 
7/12/19,48,2,877,21,217,2,110,7,701,52,100,8,74,0,550,0,324,0,"3,002",32, 0.011 
7/11/19,839,29,2273,0,243,25,134,9,398,18,87,2,91,0,494,0,304,0,"4,865",82, 0.017 
7/10/19,553,22,533,33,216,17,89,6,1064,38,111,3,46,2,443,0,260,102,"3,316",222, 0.067 
7/9/19,963,58,1377,0,191,0,115,7,809,37,131,3,165,0,552,98,340,40,"4,643",243, 0.052 
7/8/19,851,48,2639,0,221,0,115,7,793,14,120,6,148,10,490,91,290,25,"5,666",201, 0.035 
7/7/19,1025,36,1894,0,227,18,131,9,453,38,153,9,126,1,602,65,292,111,"4,904",286, 0.058 
7/6/19,714,51,986,0,219,5,120,8,664,0,71,2,30,2,469,0,319,98,"3,592",166, 0.046 
7/5/19,1217,80,1816,0,198,12,120,8,880,44,135,6,110,0,452,27,291,17,"5,218",193, 0.037 
7/4/19,726,43,1662,4,190,0,109,7,679,0,67,5,138,15,289,43,251,101,"4,111",218, 0.053 
7/3/19,972,52,2413,6,203,12,116,7,638,54,127,6,100,2,477,35,242,6,"5,287",180, 0.034 
7/2/19,326,22,1047,99,224,1,93,6,834,41,130,4,152,4,515,29,238,58,"3,559",264, 0.074 
7/1/19,1037,39,2431,76,214,0,121,8,388,31,79,2,211,10,504,45,280,18,"5,265",229, 0.044 
6/30/19,641,30,1525,30,198,14,102,7,414,10,94,1,200,15,443,0,316,6,"3,932",112, 0.029 
6/29/19,1381,85,1674,76,155,0,106,7,110,1,74,6,121,9,594,0,255,53,"4,471",237, 0.053 
6/28/19,840,52,2202,5,191,18,109,7,714,11,94,4,106,14,472,29,356,49,"5,084",189, 0.037 
6/27/19,1034,27,111,0,235,8,117,8,723,21,125,8,156,3,503,31,260,3,"3,262",108, 0.033 
6/26/19,981,51,364,24,198,0,101,6,1280,72,82,2,148,0,387,0,285,39,"3,826",194, 0.051 
6/25/19,583,50,1806,0,233,9,89,6,283,1,118,10,38,1,496,23,222,19,"3,869",119, 0.031 
6/24/19,242,14,1525,0,247,11,121,8,482,34,61,0,98,2,350,12,327,38,"3,455",119, 0.034 
6/23/19,331,21,1159,0,189,20,109,7,639,0,30,3,150,0,521,3,238,26,"3,365",80, 0.024 
6/22/19,1032,50,891,30,222,5,118,8,529,3,104,3,145,6,340,46,385,80,"3,766",232, 0.061 
6/21/19,992,55,1809,84,217,3,112,7,14,0,154,5,77,0,534,52,263,0,"4,173",184, 0.044 
6/20/19,811,56,841,30,226,10,119,8,797,34,39,1,193,8,427,34,296,80,"3,750",261, 0.070 
6/19/19,831,47,2562,0,196,37,116,7,514,20,124,7,133,0,594,0,278,100,"5,348",218, 0.041 
6/18/19,497,21,2276,102,201,10,106,7,1264,7,65,0,120,3,474,82,221,19,"5,224",251, 0.048 
6/17/19,464,38,1556,90,208,4,107,7,994,6,129,0,47,0,513,51,314,82,"4,333",279, 0.064 
6/16/19,669,55,867,0,211,2,89,6,888,43,118,4,51,0,583,34,280,59,"3,758",203, 0.054 
6/15/19,629,29,600,10,204,12,104,7,744,38,75,0,98,2,524,3,247,31,"3,226",133, 0.041 
6/14/19,1006,59,2608,0,249,3,126,8,613,15,102,6,150,15,520,7,395,47,"5,770",161, 0.028 
6/13/19,1135,88,1615,0,215,7,96,6,373,18,55,6,143,0,353,32,211,11,"4,196",169, 0.040 
6/12/19,850,46,2101,0,186,0,114,7,720,29,81,3,130,3,411,32,308,37,"4,902",157, 0.032 
6/11/19,512,10,1675,17,214,0,108,7,62,3,101,3,166,17,355,0,337,0,"3,530",41, 0.012 
6/10/19,1057,50,1912,97,257,4,86,6,426,41,49,3,167,27,352,11,310,92,"4,615",330, 0.072 
6/9/19,477,15,1021,68,175,7,90,6,533,11,155,0,117,13,453,0,263,111,"3,285",231, 0.070 
6/8/19,1082,50,2260,0,196,16,119,8,760,0,109,7,146,5,543,57,287,109,"5,501",252, 0.046 
6/7/19,872,73,1348,101,227,5,114,7,625,44,87,5,103,10,683,6,279,67,"4,338",318, 0.073 
6/6/19,523,39,2258,24,200,11,125,8,301,15,92,2,153,0,508,29,295,0,"4,456",84, 0.019 
6/5/19,1052,42,586,0,205,0,132,8,900,0,77,5,19,0,556,36,259,0,"3,785",83, 0.022 
6/4/19,1153,63,1152,4,204,9,121,8,763,41,65,0,80,2,421,23,248,43,"4,206",193, 0.046 
6/3/19,483,14,1414,0,233,11,117,8,1197,72,86,4,270,5,578,0,256,24,"4,637",137, 0.030 
6/2/19,918,23,1131,0,220,0,85,5,766,36,21,1,89,0,520,0,236,0,"3,986",62, 0.016 
6/1/19,550,29,0,1,218,0,111,7,601,7,103,0,156,10,546,0,372,110,"2,656",164, 0.062 
5/31/19,1316,40,2403,55,220,4,125,8,963,34,69,6,157,0,694,42,272,47,"6,219",236, 0.038 
5/30/19,800,60,585,38,239,3,110,7,499,24,119,5,200,12,711,0,315,62,"3,578",210, 0.059 
5/29/19,798,55,1911,159,209,12,117,8,178,13,108,0,41,0,560,54,255,74,"4,177",374, 0.089 
5/28/19,961,62,972,100,236,28,105,7,366,3,94,2,151,0,559,49,281,42,"3,727",294, 0.079 
5/27/19,729,45,555,22,205,0,105,7,713,40,160,11,125,9,637,36,275,93,"3,504",264, 0.075 
5/26/19,507,40,827,0,249,13,112,7,865,24,87,4,201,0,519,27,204,60,"3,571",175, 0.049 
5/25/19,418,35,1642,22,192,6,115,7,610,2,105,2,104,12,559,35,273,0,"4,017",74, 0.018 
5/24/19,453,20,2152,116,237,4,114,7,489,11,86,2,82,0,643,47,203,0,"4,458",189, 0.042 
5/23/19,900,40,591,0,214,0,130,8,971,0,47,2,99,12,489,21,328,37,"3,769",119, 0.032 
5/22/19,747,12,1660,98,172,0,103,7,646,9,71,1,74,5,412,76,290,70,"4,173",278, 0.067 
5/21/19,1329,51,1330,5,212,1,116,7,424,15,23,1,123,0,574,43,293,33,"4,423",156, 0.035 
5/20/19,1189,70,1698,79,208,16,138,9,964,38,88,5,183,8,559,53,304,113,"5,332",391, 0.073 
5/19/19,710,25,223,3,199,10,115,7,0,0,77,5,84,5,451,11,220,87,"2,078",153, 0.073 
5/18/19,775,49,1619,13,191,6,139,9,682,17,122,9,101,9,534,0,279,119,"4,442",231, 0.052 
5/17/19,518,35,1781,0,228,11,118,8,520,39,19,1,86,6,508,0,197,98,"3,974",197, 0.050 
5/16/19,1174,96,435,18,229,8,117,8,919,25,81,6,143,1,383,21,291,136,"3,772",318, 0.084 
5/15/19,556,12,2016,0,218,14,91,6,111,6,115,5,94,0,492,0,305,112,"3,998",155, 0.039 
5/14/19,787,78,1867,0,249,0,132,9,770,7,91,0,150,17,537,8,372,0,"4,955",40, 0.008 
5/13/19,517,27,1818,0,188,26,115,7,392,16,85,3,167,14,526,0,230,27,"4,038",121, 0.030 
5/12/19,885,55,1652,28,216,11,95,6,436,15,124,7,109,2,603,38,262,70,"4,384",232, 0.053 
5/11/19,1110,41,945,40,216,0,112,7,639,41,65,5,155,17,459,8,254,0,"3,955",145, 0.037 
5/10/19,437,37,2298,0,216,0,100,6,0,0,142,0,139,0,325,35,266,85,"3,925",163, 0.042 
5/9/19,1009,50,3634,257,201,9,81,5,686,21,102,7,160,19,511,24,314,0,"6,697",358, 0.053 
5/8/19,931,44,1187,16,201,6,98,6,413,10,129,5,116,0,476,53,226,73,"3,779",214, 0.057 
5/7/19,415,28,1063,16,229,0,128,8,1152,25,55,3,119,13,435,74,349,0,"3,946",149, 0.038 
5/6/19,604,54,650,12,192,0,101,7,769,39,52,2,118,0,532,10,316,22,"3,336",145, 0.043 
5/5/19,838,61,1929,81,200,9,121,8,233,4,85,0,136,0,490,0,237,70,"4,268",233, 0.055 
5/4/19,325,7,1108,56,203,0,104,7,660,23,95,4,122,9,458,0,233,12,"3,309",118, 0.036 
5/3/19,1161,79,1600,187,197,11,84,5,531,25,80,4,70,6,628,51,298,140,"4,648",508, 0.109 
5/2/19,1052,38,2196,64,191,0,121,8,728,0,89,0,168,10,567,44,260,38,"5,372",201, 0.037 
5/1/19,622,39,1318,144,200,3,124,8,737,40,122,10,83,3,458,6,210,47,"3,875",299, 0.077 
4/30/19,961,79,1975,0,229,9,114,7,221,20,47,1,17,1,386,0,331,0,"4,280",109, 0.025 
4/29/19,1478,65,1807,116,190,1,104,7,178,7,98,8,150,13,601,0,297,0,"4,901",181, 0.037 
4/28/19,1104,82,1028,73,207,4,105,7,761,53,94,1,158,0,530,67,288,14,"4,273",300, 0.070 
4/27/19,735,27,2430,0,223,4,142,9,406,0,68,0,81,3,551,6,375,87,"5,011",137, 0.027 
4/26/19,662,55,699,54,188,0,122,8,405,22,72,2,91,8,463,62,314,39,"3,014",250, 0.083 
4/25/19,999,82,703,0,201,12,101,6,557,0,96,6,187,0,525,32,318,61,"3,684",200, 0.054 
4/24/19,901,75,1745,0,223,11,118,8,191,10,42,0,90,0,556,67,317,64,"4,184",234, 0.056 
4/23/19,776,32,560,0,192,0,101,7,259,20,52,2,17,1,512,39,292,73,"2,762",174, 0.063 
4/22/19,431,26,1553,0,248,11,140,9,631,39,136,5,77,7,537,65,245,0,"3,999",161, 0.040 
4/21/19,1223,92,1249,86,189,0,134,9,1046,57,83,0,152,4,344,48,373,49,"4,791",346, 0.072 
4/20/19,896,51,1611,134,191,15,104,7,262,15,66,3,118,8,394,57,269,0,"3,912",275, 0.070 
4/19/19,1280,65,889,0,179,0,109,7,819,53,54,1,4,0,564,56,275,0,"4,174",176, 0.042 
4/18/19,110,4,2242,0,166,0,107,7,474,34,100,0,139,6,698,68,241,77,"4,275",196, 0.046 
4/17/19,872,71,1921,0,199,3,117,8,675,49,84,2,150,3,537,23,328,52,"4,886",210, 0.043 
4/16/19,1088,43,1743,97,192,9,86,5,760,19,74,2,121,10,760,93,251,33,"5,075",312, 0.061 
4/15/19,235,7,679,0,229,1,129,8,413,18,103,0,193,12,636,34,321,5,"2,939",86, 0.029 
4/14/19,1027,27,691,0,208,0,103,7,1002,89,77,3,81,15,728,10,215,0,"4,130",55, 0.013 
4/13/19,1314,31,1840,17,209,0,95,6,802,58,66,1,138,11,554,0,298,30,"5,316",155, 0.029 
4/12/19,672,39,1499,0,209,8,118,8,728,11,53,0,161,0,626,88,308,0,"4,375",154, 0.035 
4/11/19,339,15,125,0,203,0,81,5,572,34,124,0,155,0,593,0,241,70,"2,431",125, 0.051 
4/10/19,174,12,0,1,185,1,107,7,182,7,87,7,101,3,679,11,287,93,"1,801",141, 0.078 
4/9/19,684,33,497,0,192,7,138,9,178,9,57,2,32,0,685,77,388,111,"2,852",248, 0.087 
4/8/19,947,59,952,2,194,9,126,8,315,12,96,0,97,0,353,26,146,100,"3,226",217, 0.067 
4/7/19,1125,80,568,0,207,10,117,7,361,17,88,1,156,0,657,62,337,0,"3,617",132, 0.036 
4/6/19,615,38,243,18,214,13,116,8,889,64,142,4,133,0,675,0,324,18,"3,350",162, 0.048 
4/5/19,451,19,953,43,190,1,101,7,869,42,42,3,136,13,501,24,141,35,"3,384",187, 0.055 
4/4/19,832,44,1868,0,217,0,113,7,199,11,104,3,127,0,570,21,263,38,"4,292",124, 0.029 
4/3/19,845,53,2110,128,215,9,109,7,418,15,162,6,97,0,556,4,357,28,"4,869",250, 0.051 
4/2/19,424,24,562,0,204,11,119,8,774,33,100,3,87,5,415,1,304,50,"2,989",135, 0.045 
4/1/19,1264,101,698,8,203,0,114,7,1045,35,57,1,160,0,499,60,325,101,"4,364",314, 0.072 
3/31/19,1031,67,1099,0,221,0,106,7,852,10,111,0,111,0,659,40,240,30,"4,430",154, 0.035 
3/30/19,842,39,66,5,199,0,145,9,1183,86,66,0,29,1,433,56,286,94,"3,247",290, 0.089 
3/29/19,676,46,1413,120,247,7,98,6,505,15,174,7,214,0,401,59,312,66,"4,040",327, 0.081 
3/28/19,836,61,816,35,214,5,115,7,436,0,102,0,154,0,590,60,357,101,"3,621",270, 0.074 
3/27/19,981,40,0,2,190,4,121,8,480,47,70,0,85,0,611,32,291,152,"2,830",285, 0.101 
3/26/19,914,54,1410,2,219,6,115,7,811,24,100,8,80,12,599,99,258,220,"4,506",434, 0.096 
3/25/19,710,53,1401,38,194,9,112,7,1050,47,66,4,82,7,699,25,237,119,"4,551",309, 0.068 
3/24/19,1298,21,1440,0,197,0,112,7,803,37,145,6,91,5,434,49,349,61,"4,870",186, 0.038 
3/23/19,931,26,1722,78,209,9,121,8,964,27,149,9,171,1,484,64,302,72,"5,051",293, 0.058 
3/22/19,1027,61,2539,113,159,23,100,6,366,13,52,0,166,0,433,0,215,82,"5,057",298, 0.059 
3/21/19,1251,43,2109,73,176,4,129,8,316,23,105,8,122,8,355,73,373,72,"4,937",312, 0.063 
3/20/19,1214,57,2152,0,174,12,101,6,1099,17,91,2,90,0,483,24,261,17,"5,666",137, 0.024 
3/19/19,743,55,1667,0,223,8,115,7,577,50,99,0,90,6,601,0,244,74,"4,359",200, 0.046 
3/18/19,1293,44,930,68,186,0,133,9,1275,40,72,4,205,14,280,16,227,0,"4,600",191, 0.041 
3/17/19,876,50,1631,0,193,5,127,8,702,41,23,0,83,0,538,0,252,42,"4,425",147, 0.033 
3/16/19,340,2,1167,28,228,9,109,7,727,23,99,1,101,5,557,81,219,113,"3,547",269, 0.076 
3/15/19,1190,41,831,21,211,18,104,7,740,19,139,9,122,7,516,69,280,0,"4,134",92, 0.022 
3/14/19,646,36,1692,0,233,0,107,7,1006,47,106,0,118,1,454,0,304,84,"4,665",174, 0.037 
3/13/19,113,3,1796,0,195,8,122,8,738,29,34,1,103,0,644,3,279,75,"4,024",126, 0.031 
3/12/19,561,27,1663,0,218,0,79,5,810,75,130,0,31,5,686,120,306,64,"4,484",297, 0.066 
3/11/19,753,47,2698,145,186,0,117,8,460,0,105,0,122,2,581,44,334,82,"5,357",329, 0.061 
3/10/19,764,43,1824,11,228,0,112,7,472,3,119,0,175,8,526,81,284,19,"4,504",173, 0.038 
3/9/19,814,53,1693,0,199,0,118,8,882,36,70,4,118,0,446,28,241,71,"4,581",200, 0.044 
3/8/19,1105,113,698,0,208,5,121,8,907,0,116,9,51,0,494,14,294,33,"3,994",183, 0.046 
3/7/19,1550,118,1612,43,192,9,121,8,290,18,94,2,94,0,438,5,253,78,"4,644",278, 0.060 
3/6/19,837,44,252,13,214,0,91,6,604,59,96,0,71,0,590,4,235,19,"2,989",145, 0.048 
3/5/19,526,29,1464,59,230,0,131,8,1146,0,131,3,22,0,503,5,314,42,"4,467",147, 0.033 
3/4/19,925,57,1606,0,206,7,90,6,810,67,88,2,156,1,334,0,336,16,"4,551",155, 0.034 
3/3/19,512,26,2244,60,198,0,140,9,941,0,164,6,70,5,560,50,260,103,"5,089",259, 0.051 
3/2/19,845,31,2009,85,213,8,106,7,1048,15,45,1,0,0,547,13,287,36,"5,099",196, 0.038 
3/1/19,1252,64,1172,27,185,4,119,8,236,2,83,0,76,7,554,12,260,15,"3,938",139, 0.035 
2/28/19,1244,68,943,27,213,0,100,6,586,0,35,4,100,6,529,18,275,46,"4,025",176, 0.044 
2/27/19,556,41,1347,71,240,0,101,7,539,56,128,4,30,1,630,49,268,0,"3,839",209, 0.054 
2/26/19,705,58,1118,46,179,1,89,6,782,50,69,1,76,9,631,46,259,0,"3,909",198, 0.051 
2/25/19,937,70,1526,62,252,2,99,6,430,28,94,6,72,5,606,98,350,28,"4,368",304, 0.070 
2/24/19,646,52,1758,0,181,5,106,7,227,22,46,3,141,6,459,40,229,100,"3,793",235, 0.062 
2/23/19,336,25,472,0,224,4,116,7,300,31,107,10,162,6,586,20,339,87,"2,642",190, 0.072 
2/22/19,424,32,1441,0,223,5,107,7,0,0,118,6,135,4,478,0,328,27,"3,253",82, 0.025 
2/21/19,446,34,2218,49,223,0,101,7,728,28,95,0,43,2,556,0,311,115,"4,721",233, 0.049 
2/20/19,1347,50,1877,0,212,1,104,7,273,11,84,3,40,3,628,24,295,34,"4,860",133, 0.027 
2/19/19,202,7,249,19,187,7,119,8,655,29,65,5,64,8,331,13,326,38,"2,200",135, 0.061 
2/18/19,883,65,915,0,226,0,111,7,651,59,130,7,171,7,593,0,250,0,"3,930",91, 0.023 
2/17/19,994,29,1602,6,191,0,123,8,811,38,75,6,105,0,707,104,202,28,"4,809",220, 0.046 
2/16/19,739,52,1515,0,184,0,122,8,685,23,122,11,0,0,532,74,281,73,"4,180",241, 0.058 
2/15/19,725,42,2135,143,211,2,115,7,1391,37,95,1,21,1,778,88,313,7,"5,785",327, 0.057 
2/14/19,991,76,591,0,204,21,125,8,470,11,94,1,194,0,554,0,383,15,"3,606",132, 0.036 
2/13/19,1530,126,857,0,180,0,100,6,603,0,119,3,42,3,557,11,304,79,"4,293",228, 0.053 
2/12/19,722,46,1034,0,224,10,101,7,48,3,81,0,72,12,613,71,270,142,"3,165",292, 0.092 
2/11/19,770,32,1245,81,207,0,111,7,599,45,48,0,71,1,554,65,302,47,"3,908",279, 0.071 
2/10/19,1007,53,1850,47,224,6,111,7,999,81,124,4,65,0,471,35,202,12,"5,053",244, 0.048 
2/9/19,1181,87,1469,0,216,0,116,7,446,3,114,7,100,2,457,35,304,84,"4,403",225, 0.051 
2/8/19,986,26,1856,84,166,0,119,8,199,17,16,0,86,8,374,14,311,137,"4,113",294, 0.071 
2/7/19,320,21,2055,0,195,0,109,7,347,10,139,2,159,0,546,33,264,60,"4,134",133, 0.032 
2/6/19,482,6,892,0,163,0,128,8,878,18,110,1,111,0,577,0,324,57,"3,666",90, 0.025 
2/5/19,1289,26,1476,0,209,0,101,6,437,37,94,0,121,6,358,24,311,68,"4,396",168, 0.038 
2/4/19,513,52,1511,0,228,8,129,8,862,26,90,0,62,0,530,0,328,57,"4,252",152, 0.036 
2/3/19,1280,47,984,12,224,9,103,7,1216,31,100,2,29,3,460,85,306,70,"4,701",264, 0.056 
2/2/19,1492,80,2311,101,214,0,110,7,1078,0,92,7,143,4,555,26,355,72,"6,349",298, 0.047 
2/1/19,774,46,882,16,217,20,95,6,692,7,72,8,103,4,402,37,268,82,"3,506",226, 0.065 
1/31/19,502,19,1326,62,235,0,108,7,159,11,145,2,88,6,488,0,267,80,"3,317",186, 0.056 
1/30/19,1259,67,2179,49,225,18,139,9,1014,0,74,1,52,1,571,135,319,0,"5,832",259, 0.044 
1/29/19,819,42,1391,8,175,10,118,8,912,32,112,4,71,0,439,9,309,68,"4,346",180, 0.041 
1/28/19,809,16,1144,46,195,0,90,6,780,61,74,4,120,5,520,107,354,19,"4,086",265, 0.065 
1/27/19,732,49,2847,189,202,15,108,7,630,13,98,0,142,0,479,0,256,36,"5,494",308, 0.056 
1/26/19,1302,80,2132,47,183,1,104,7,679,0,32,1,138,4,428,0,339,148,"5,338",288, 0.054 
1/25/19,988,38,1714,0,224,0,88,6,1158,81,107,2,189,15,519,0,330,136,"5,317",277, 0.052 
1/24/19,583,37,796,53,204,7,130,8,426,24,140,9,99,4,483,5,310,0,"3,171",124, 0.039 
1/23/19,1379,123,1990,61,236,0,108,7,895,0,73,4,145,0,474,26,221,12,"5,521",233, 0.042 
1/22/19,1149,37,1671,102,242,1,129,8,856,13,108,3,68,1,458,64,352,57,"5,031",286, 0.057 
1/21/19,1243,99,651,9,223,13,99,6,333,22,118,0,0,0,404,46,312,61,"3,382",256, 0.076 
1/20/19,909,61,1204,38,232,0,94,6,778,31,99,7,75,0,460,96,332,0,"4,183",223, 0.053 
1/19/19,576,40,1772,0,222,6,104,7,401,2,141,0,193,15,434,48,315,0,"4,157",115, 0.028 
1/18/19,811,64,2519,182,198,8,92,6,1098,0,56,3,123,0,617,0,215,37,"5,729",300, 0.052 
1/17/19,1216,84,1775,55,188,14,127,8,701,19,137,0,152,0,649,112,313,20,"5,257",312, 0.059 
1/16/19,947,90,668,10,263,2,111,7,31,2,88,2,113,3,466,15,262,116,"2,950",246, 0.083 
1/15/19,795,13,1103,24,177,0,105,7,670,12,95,1,11,1,293,50,288,0,"3,538",49, 0.014 
1/14/19,1426,107,2210,146,238,8,114,7,253,11,62,3,87,3,510,26,273,37,"5,172",350, 0.068 
1/13/19,800,22,2075,99,211,0,117,8,1287,55,88,1,53,0,448,31,227,18,"5,306",233, 0.044 
1/12/19,760,46,2011,0,234,14,97,6,664,45,76,2,44,2,490,4,218,206,"4,595",325, 0.071 
1/11/19,1043,79,1953,134,209,0,95,6,1986,103,77,0,60,0,617,0,223,11,"6,263",333, 0.053 
1/10/19,1376,77,609,0,241,0,132,8,1271,28,100,0,184,18,520,0,247,21,"4,681",153, 0.033 
1/9/19,910,42,937,54,280,3,133,8,631,0,102,6,112,4,421,0,308,16,"3,833",132, 0.035 
1/8/19,436,29,1353,51,223,0,124,8,368,17,178,6,96,0,645,54,294,27,"3,718",192, 0.052 
1/7/19,1312,81,1440,0,181,0,146,9,801,68,87,2,125,2,552,76,232,104,"4,876",342, 0.070 
1/6/19,1221,101,1779,70,226,6,138,9,449,33,72,1,82,0,572,24,305,84,"4,845",329, 0.068 
1/5/19,450,39,482,13,212,0,113,7,217,2,116,9,92,0,444,5,342,28,"2,468",103, 0.042 
1/4/19,978,51,2186,66,198,6,129,8,946,0,76,3,140,11,598,58,358,97,"5,609",299, 0.053 
1/3/19,776,42,440,6,209,11,116,8,849,36,88,1,143,0,439,48,355,99,"3,416",249, 0.073 
1/2/19,916,30,781,0,212,2,106,7,1064,40,152,1,125,18,592,88,276,94,"4,225",279, 0.066 
1/1/19,537,24,1213,46,162,0,107,7,1123,39,97,7,125,0,563,26,257,77,"4,184",227, 0.054 
12/31/18,748,30,1229,57,220,3,102,7,745,22,99,0,159,12,418,8,172,22,"3,891",161, 0.041 
12/30/18,551,35,1050,38,211,16,96,6,960,39,54,4,145,0,457,0,285,55,"3,809",192, 0.050 
12/29/18,841,68,2190,0,201,10,118,8,629,25,169,7,158,10,480,42,335,171,"5,122",341, 0.067 
12/28/18,943,52,1291,0,206,15,108,7,262,5,98,2,116,3,461,71,241,139,"3,727",294, 0.079 
12/27/18,589,15,2002,0,207,6,118,8,428,21,35,3,101,0,470,40,315,0,"4,265",92, 0.022 
12/26/18,940,77,1451,89,213,12,110,7,531,0,69,0,124,19,600,43,249,27,"4,287",274, 0.064 
12/25/18,1221,19,1726,0,197,0,123,8,625,21,99,4,51,3,632,52,263,85,"4,937",193, 0.039 
12/24/18,618,29,2852,83,221,11,99,6,920,48,46,0,53,5,662,49,261,31,"5,731",263, 0.046 
12/23/18,475,32,1256,0,208,10,114,7,766,16,115,0,72,7,515,48,270,33,"3,790",154, 0.041 
12/22/18,763,46,1431,178,214,0,95,6,396,13,76,3,96,7,533,0,279,27,"3,882",280, 0.072 
12/21/18,878,25,959,13,,,104,7,715,42,140,10,203,1,575,96,342,95,"3,916",289, 0.074 
12/20/18,375,30,439,9,,,142,9,953,34,12,1,85,0,562,100,264,6,"2,833",191, 0.067 
12/19/18,984,21,0,1,,,128,8,1219,56,52,0,116,8,450,23,275,56,"3,225",174, 0.054 
12/18/18,971,71,0,4,,,102,7,347,14,80,3,82,0,440,2,229,8,"2,251",109, 0.048 
12/17/18,1155,67,0,3,,,101,6,638,12,147,2,129,2,528,57,299,41,"2,996",192, 0.064 
12/16/18,664,20,987,58,,,115,7,913,77,105,0,78,10,437,3,338,62,"3,637",237, 0.065 
12/15/18,544,45,1298,0,,,103,7,442,27,96,0,31,0,584,13,325,82,"3,423",174, 0.051 
12/14/18,450,30,2338,15,,,109,7,160,12,75,0,96,0,591,30,233,168,"4,053",262, 0.065 
12/13/18,1186,83,1823,0,,,107,7,540,33,160,4,78,0,332,16,313,11,"4,540",153, 0.034 
12/12/18,910,80,1514,18,,,131,8,442,9,52,1,92,3,610,126,356,60,"4,106",307, 0.075 
12/11/18,959,39,2275,99,,,121,8,840,56,66,1,45,3,698,0,398,58,"5,400",264, 0.049 
12/10/18,1031,73,1874,0,,,135,9,857,17,102,1,89,1,570,25,258,11,"4,916",136, 0.028 
12/9/18,888,51,900,60,,,104,7,980,11,64,1,124,8,503,92,259,80,"3,822",311, 0.081 
12/8/18,998,7,2618,60,,,114,7,156,2,93,6,99,6,684,17,319,127,"5,081",232, 0.046 
12/7/18,772,6,2221,3,,,106,7,810,0,77,0,97,3,504,22,320,0,"4,907",0, -   
12/6/18,1136,36,628,22,,,95,6,1007,76,93,0,73,4,302,0,259,6,"3,593",149, 0.042 
12/5/18,751,22,2174,113,,,121,8,965,43,68,2,154,9,528,66,313,78,"5,075",339, 0.067 
12/4/18,1382,76,1546,10,,,142,9,202,1,56,3,96,0,549,0,232,89,"4,203",189, 0.045 
12/3/18,559,41,2889,0,,,89,6,462,22,81,4,131,8,660,37,374,97,"5,245",215, 0.041 
12/2/18,617,59,2856,204,,,112,7,858,12,75,3,88,5,511,54,227,40,"5,342",384, 0.072 
12/1/18,965,61,2176,15,,,122,8,628,44,85,4,116,1,540,41,328,55,"4,959",231, 0.047 
11/30/18,532,28,1755,96,,,116,8,632,25,78,0,202,6,645,29,337,137,"4,297",329, 0.077 
11/29/18,738,35,1809,0,,,106,7,805,38,107,0,67,0,490,4,266,76,"4,388",161, 0.037 
11/28/18,64,4,1986,0,,,107,7,1341,68,113,9,78,0,601,56,372,174,"4,662",317, 0.068 
11/27/18,848,39,1617,57,,,122,8,371,4,67,4,91,0,554,49,317,53,"3,985",214, 0.054 
11/26/18,831,35,1562,0,,,92,6,471,41,123,5,82,7,588,73,303,29,"4,053",196, 0.048 
11/25/18,908,50,2257,32,,,103,7,738,37,77,1,131,8,709,50,294,54,"5,217",238, 0.046 
11/24/18,1524,26,2223,140,,,106,7,239,0,125,4,161,3,449,11,246,21,"5,073",212, 0.042 
11/23/18,241,11,2061,0,,,121,8,796,30,110,5,131,2,562,2,275,89,"4,296",147, 0.034 
11/22/18,366,23,1843,1,,,110,7,989,32,110,7,167,0,574,64,256,59,"4,415",192, 0.044 
11/21/18,881,110,1446,23,,,127,8,627,29,53,2,62,2,517,26,186,67,"3,898",266, 0.068 
11/20/18,1264,49,1642,0,,,114,7,462,0,58,2,103,0,520,0,308,27,"4,470",85, 0.019 
11/19/18,1010,61,542,0,,,109,7,608,20,52,2,7,0,567,81,346,1,"3,241",171, 0.053 
11/18/18,1311,84,1508,61,,,138,9,660,83,89,1,80,3,429,35,265,12,"4,480",288, 0.064 
11/17/18,1060,76,621,57,,,122,8,778,26,95,3,175,7,485,0,310,59,"3,646",236, 0.065 
11/16/18,645,73,1342,0,,,109,7,125,1,9,0,47,2,507,73,204,0,"2,987",142, 0.047 
11/15/18,999,67,477,30,,,128,8,735,25,118,5,133,7,631,13,320,145,"3,540",300, 0.085 
11/14/18,1194,80,2570,0,,,135,9,145,13,143,0,126,9,584,29,300,81,"5,197",220, 0.042 
11/13/18,438,25,1631,69,,,126,8,883,32,92,2,46,0,440,18,282,0,"3,938",152, 0.039 
11/12/18,924,61,1682,70,,,122,8,567,9,100,4,139,2,613,94,300,0,"4,447",243, 0.055 
11/11/18,661,24,1729,106,,,135,9,760,19,84,0,134,0,583,22,280,36,"4,365",215, 0.049 
11/10/18,1361,66,2159,5,,,78,5,386,28,80,4,95,15,655,0,166,55,"4,981",178, 0.036 
11/9/18,1000,43,1803,0,,,87,6,311,8,80,3,98,0,523,35,285,127,"4,187",222, 0.053 
11/8/18,712,54,454,34,,,106,7,334,23,183,8,37,2,582,0,268,119,"2,677",248, 0.093 
11/7/18,944,59,1299,0,,,88,6,674,24,66,2,110,12,548,4,271,100,"4,002",207, 0.052 
11/6/18,1511,66,798,102,,,94,6,898,14,132,5,40,3,501,0,312,0,"4,287",168, 0.039 
11/5/18,977,52,2220,0,,,111,7,40,2,117,0,95,0,572,44,275,37,"4,406",143, 0.032 
11/4/18,291,38,652,0,,,114,7,924,16,30,1,130,0,618,0,292,30,"3,051",93, 0.030 
11/3/18,377,12,1455,0,,,102,7,690,27,5,0,167,8,352,0,283,25,"3,430",79, 0.023 
11/2/18,606,21,1451,72,,,122,8,649,13,39,3,131,0,580,26,282,113,"3,860",257, 0.066 
11/1/18,526,46,1514,12,,,89,6,811,73,140,5,76,1,602,45,361,11,"4,120",200, 0.048 
10/31/18,944,21,1380,55,,,104,7,752,8,64,1,109,0,596,113,240,0,"4,190",192, 0.046 
10/30/18,1144,70,2926,83,,,92,6,811,34,130,0,65,0,422,20,326,87,"5,917",299, 0.050 
10/29/18,537,31,1476,0,,,113,7,1146,45,112,5,105,4,548,48,306,106,"4,343",248, 0.057 
10/28/18,756,39,429,3,,,115,7,569,60,85,4,139,9,407,40,361,39,"2,861",201, 0.070 
10/27/18,267,20,1741,39,,,118,8,669,20,76,0,118,3,494,94,297,108,"3,780",290, 0.077 
10/26/18,652,5,1239,0,,,97,6,516,16,14,1,6,0,522,11,361,19,"3,408",58, 0.017 
10/25/18,642,15,0,1,,,132,8,648,9,49,3,94,3,690,0,431,83,"2,687",123, 0.046 
10/24/18,773,47,1042,52,,,108,7,996,30,83,4,133,0,412,27,275,0,"3,823",144, 0.038 
10/23/18,624,37,879,33,,,127,8,615,54,40,1,109,10,612,69,316,44,"3,322",256, 0.077 
10/22/18,570,41,2771,182,,,91,6,334,8,102,4,124,12,508,2,285,80,"4,785",335, 0.070 
10/21/18,1468,134,1193,13,,,110,7,723,37,107,7,49,1,502,22,179,134,"4,331",355, 0.082 
10/20/18,492,41,1080,76,,,91,6,562,30,100,3,261,0,636,0,193,24,"3,415",180, 0.053 
10/19/18,656,45,924,0,,,112,7,0,0,118,0,98,0,591,59,334,0,"2,832",103, 0.036 
10/18/18,633,39,1665,0,,,106,7,419,0,108,3,63,4,427,1,313,40,"3,732",94, 0.025 
10/17/18,1130,87,1536,0,,,102,7,195,1,53,3,78,0,542,40,288,86,"3,925",224, 0.057 
10/16/18,1103,104,1541,0,,,106,7,563,0,107,4,186,10,319,16,249,8,"4,174",148, 0.035 
10/15/18,513,56,380,29,,,131,8,379,28,155,7,181,0,430,10,331,35,"2,499",172, 0.069 
10/14/18,807,55,2084,13,,,111,7,615,56,119,3,90,6,672,17,231,29,"4,729",186, 0.039 
10/13/18,843,27,972,76,,,147,9,309,6,24,1,200,14,615,0,300,112,"3,410",246, 0.072 
10/12/18,1297,95,1335,38,,,108,7,695,12,122,8,170,0,551,26,242,0,"4,521",167, 0.037 
10/11/18,779,26,1672,0,,,114,7,0,0,69,3,25,0,585,61,343,65,"3,587",162, 0.045 
10/10/18,441,30,999,28,,,146,9,924,15,110,5,142,2,547,0,266,4,"3,574",93, 0.026 
10/9/18,760,52,1257,0,,,96,6,960,7,83,1,112,8,541,81,340,124,"4,151",278, 0.067 
10/8/18,1168,54,902,18,,,113,7,0,0,139,1,164,15,636,43,319,57,"3,440",197, 0.057 
10/7/18,838,66,1908,0,,,116,7,511,16,98,3,60,0,563,31,238,0,"4,332",94, 0.022 
10/6/18,390,23,1322,0,,,107,7,192,22,84,0,89,0,511,57,317,65,"3,012",174, 0.058 
10/5/18,619,11,1543,68,,,131,8,740,13,83,3,69,0,584,14,346,52,"4,114",171, 0.042 
10/4/18,934,50,428,24,,,126,8,559,12,13,1,163,1,496,36,350,0,"3,067",126, 0.041 
10/3/18,897,44,600,0,,,103,7,1127,22,125,3,104,2,495,71,303,25,"3,755",172, 0.046 
10/2/18,399,12,1013,0,,,128,8,384,4,27,0,117,2,465,26,248,74,"2,781",127, 0.046 
10/1/18,179,12,966,0,,,117,8,1025,35,140,9,155,5,462,13,291,132,"3,333",213, 0.064 
9/30/18,252,20,507,0,,,111,7,772,39,4,0,116,0,544,0,283,27,"2,590",94, 0.036 
9/29/18,724,51,1581,36,,,84,6,482,6,107,3,124,0,548,21,302,0,"3,952",81, 0.020 
9/28/18,526,12,1061,10,,,80,5,403,4,67,3,186,0,585,89,279,32,"3,186",155, 0.049 
9/27/18,594,21,511,21,,,102,6,1136,0,187,3,44,4,580,39,331,35,"3,487",130, 0.037 
9/26/18,45,1,1094,38,,,112,7,685,15,121,6,146,10,529,68,332,49,"3,065",195, 0.064 
9/25/18,732,56,1717,98,,,91,6,580,14,109,8,86,4,484,34,364,22,"4,162",241, 0.058 
9/24/18,1298,113,1929,0,,,134,9,759,53,133,9,90,0,539,28,221,86,"5,104",298, 0.058 
9/23/18,935,79,1094,15,,,129,8,986,0,88,2,108,5,501,36,299,0,"4,141",90, 0.022 
9/22/18,829,39,1829,56,,,128,8,903,41,129,0,69,0,548,18,276,30,"4,710",192, 0.041 
9/21/18,776,44,2277,75,,,93,6,681,23,45,3,27,3,394,10,306,12,"4,600",175, 0.038 
9/20/18,99,7,1028,13,,,124,8,1461,73,106,2,74,2,624,89,286,21,"3,802",215, 0.057 
9/19/18,445,27,1585,67,,,118,8,1008,19,5,0,112,0,521,7,230,113,"4,024",240, 0.060 
9/18/18,980,61,1706,75,,,115,7,293,15,101,0,144,2,475,31,309,36,"4,123",226, 0.055 
9/17/18,431,19,1058,47,,,90,6,988,13,99,5,100,8,559,23,338,20,"3,663",141, 0.039 
9/16/18,1387,89,1852,62,,,140,9,609,15,114,0,30,2,459,0,303,0,"4,894",177, 0.036 
9/15/18,569,19,747,0,,,122,8,817,22,73,1,139,12,522,44,376,14,"3,365",120, 0.036 
9/14/18,1127,64,1010,5,,,108,7,322,1,149,2,0,0,474,65,322,2,"3,513",146, 0.042 
9/13/18,919,50,1608,91,,,112,7,807,18,60,0,116,16,413,75,302,61,"4,336",317, 0.073 
9/12/18,1031,50,1150,0,,,90,6,419,15,77,2,50,0,601,28,303,70,"3,721",171, 0.046 
9/11/18,1180,43,926,0,,,92,6,683,41,78,1,151,5,614,69,290,130,"4,013",296, 0.074 
9/10/18,1225,51,1116,6,,,90,6,1095,88,98,1,90,2,431,21,297,0,"4,442",144, 0.032 
9/9/18,501,19,951,114,,,115,8,338,4,87,1,107,0,496,31,312,58,"2,906",234, 0.081 
9/8/18,987,55,952,58,,,114,7,263,0,31,1,83,0,494,0,230,80,"3,154",201, 0.064 
9/7/18,830,47,1107,58,,,107,7,1006,71,60,1,75,5,507,45,337,41,"4,029",275, 0.068 
9/6/18,532,46,1099,73,,,99,6,605,38,45,2,111,1,541,26,280,57,"3,312",249, 0.075 
9/5/18,862,23,1149,35,,,117,8,1064,0,96,4,92,0,477,46,309,30,"4,166",146, 0.035 
9/4/18,869,70,1044,0,,,95,6,893,38,90,2,48,3,589,0,261,94,"3,889",213, 0.055 
9/3/18,962,41,1366,0,,,116,7,687,26,141,0,211,8,650,106,300,60,"4,432",248, 0.056 
9/2/18,837,28,1463,3,,,79,5,303,12,148,3,101,4,487,81,359,75,"3,777",211, 0.056 
9/1/18,623,38,2593,6,,,123,8,1182,43,100,5,146,0,268,36,287,0,"5,321",77, 0.015 
8/31/18,600,33,1411,0,,,90,6,1221,51,103,3,74,2,504,32,331,0,"4,334",94, 0.022 
8/30/18,1057,71,2341,84,,,115,7,632,0,79,1,122,12,419,46,300,0,"5,063",200, 0.040 
8/29/18,882,29,630,19,,,114,7,431,0,78,2,138,5,394,69,405,83,"3,072",214, 0.069 
8/28/18,992,65,2534,0,,,100,7,225,11,94,0,80,0,584,20,198,0,"4,807",101, 0.021 
8/27/18,646,15,260,1,,,132,9,337,23,54,2,53,0,462,33,359,0,"2,303",74, 0.032 
8/26/18,834,73,3116,0,,,129,8,299,7,146,11,125,0,398,29,236,12,"5,282",141, 0.027 
8/25/18,563,18,420,4,,,107,7,317,3,112,3,91,7,560,34,277,131,"2,446",206, 0.084 
8/24/18,909,74,1298,4,,,108,7,493,34,117,4,124,12,466,71,300,79,"3,816",285, 0.075 
8/23/18,1563,90,2010,0,,,97,6,406,21,57,1,140,5,588,34,249,93,"5,111",250, 0.049 
8/22/18,1219,100,2376,55,,,96,6,759,0,167,9,147,3,428,23,271,71,"5,463",268, 0.049 
8/21/18,567,17,2002,0,,,111,7,787,45,32,3,65,6,428,32,252,37,"4,243",147, 0.035 
8/20/18,513,27,518,12,,,121,8,894,70,146,4,69,0,743,87,249,54,"3,252",262, 0.081 
8/19/18,922,33,1501,20,,,114,7,783,35,108,5,68,6,480,0,285,34,"4,261",141, 0.033 
8/18/18,701,50,955,30,,,136,9,614,53,114,7,176,11,451,17,336,18,"3,481",193, 0.056 
8/17/18,1064,80,1535,86,,,99,6,1263,64,102,1,137,16,459,0,243,21,"4,903",274, 0.056 
8/16/18,1290,3,290,22,,,78,5,480,17,65,5,74,1,600,7,340,103,"3,218",164, 0.051 
8/15/18,949,67,1818,0,,,113,7,537,19,75,2,164,0,622,0,331,0,"4,608",84, 0.018 
8/14/18,637,58,1964,4,,,112,7,569,0,135,8,75,0,546,51,308,83,"4,346",210, 0.048 
8/13/18,480,22,729,8,,,118,8,674,31,131,12,104,0,507,80,235,37,"2,978",198, 0.066 
8/12/18,1185,78,1405,40,,,96,6,876,45,113,2,84,0,487,31,278,88,"4,525",290, 0.064 
8/11/18,1086,62,1430,156,,,109,7,567,0,129,9,104,0,457,50,273,58,"4,156",344, 0.083 
8/10/18,287,17,0,1,,,108,7,814,71,132,7,50,1,343,0,273,107,"2,008",210, 0.105 
8/9/18,792,35,1264,0,,,102,7,579,0,113,1,113,0,581,0,301,0,"3,845",0, -   
8/8/18,853,70,624,6,,,121,8,913,0,106,6,41,5,636,58,300,117,"3,595",270, 0.075 
8/7/18,824,45,1138,62,,,91,6,1019,115,95,2,130,0,534,0,357,52,"4,188",283, 0.067 
8/6/18,1029,79,648,47,,,123,8,692,56,61,2,102,0,434,31,304,65,"3,393",289, 0.085 
8/5/18,386,28,566,7,,,129,8,916,0,107,0,97,0,561,0,327,42,"3,090",85, 0.028 
8/4/18,658,47,1564,0,,,104,7,907,43,70,0,48,5,742,0,289,70,"4,383",171, 0.039 
8/3/18,729,29,1929,0,,,101,6,1346,50,86,3,58,0,512,24,245,28,"5,006",140, 0.028 
8/2/18,833,48,1804,82,,,108,7,666,0,139,7,84,6,579,67,252,9,"4,464",226, 0.051 
8/1/18,602,35,1556,75,,,100,6,557,12,100,7,179,2,464,32,337,0,"3,896",165, 0.042 
7/31/18,326,15,1512,12,,,106,7,639,25,90,3,122,13,589,0,281,73,"3,666",149, 0.041 
7/30/18,801,39,777,10,,,85,6,108,3,76,5,184,10,377,1,375,66,"2,783",139, 0.050 
7/29/18,1169,92,2260,0,,,152,10,601,18,127,0,119,1,553,84,201,69,"5,182",274, 0.053 
7/28/18,1138,83,2226,0,,,124,8,372,0,45,0,130,5,657,0,260,24,"4,952",120, 0.024 
7/27/18,852,49,2434,45,,,123,8,960,60,100,2,83,1,620,21,262,93,"5,434",279, 0.051 
7/26/18,832,76,1364,50,,,129,8,630,39,84,2,116,11,529,17,248,12,"3,933",214, 0.055 
7/25/18,967,71,2326,106,,,116,8,576,7,121,10,133,6,377,74,280,47,"4,898",327, 0.067 
7/24/18,1335,74,1832,0,,,118,8,604,16,71,5,229,18,479,38,285,36,"4,954",194, 0.039 
7/23/18,367,6,2273,0,,,96,6,141,0,114,0,173,7,409,91,368,60,"3,942",171, 0.043 
7/22/18,1284,120,1728,0,,,113,7,867,17,56,0,111,5,407,16,256,148,"4,821",314, 0.065 
7/21/18,994,35,1018,28,,,114,7,855,32,108,3,122,15,324,16,309,0,"3,844",117, 0.030 
7/20/18,815,43,2752,0,,,107,7,414,21,68,3,116,1,417,48,208,18,"4,897",140, 0.029 
7/19/18,972,28,2021,68,,,90,6,1290,44,109,0,151,0,590,5,246,1,"5,469",151, 0.028 
7/18/18,897,20,1201,62,,,110,7,649,20,55,0,36,0,535,0,315,106,"3,798",215, 0.057 
7/17/18,858,53,1523,0,,,110,7,166,19,134,5,127,0,493,0,245,130,"3,656",214, 0.059 
7/16/18,686,29,784,70,,,145,9,711,31,50,1,165,1,403,27,323,141,"3,268",308, 0.094 
7/15/18,979,90,1165,84,,,123,8,1037,23,149,2,40,2,516,50,278,37,"4,288",295, 0.069 
7/14/18,790,75,1493,0,,,126,8,931,61,114,10,167,5,672,21,261,8,"4,553",188, 0.041 
7/13/18,965,22,2693,70,,,124,8,773,34,99,0,85,8,516,0,245,73,"5,501",214, 0.039 
7/12/18,537,55,1248,47,,,89,6,1321,0,171,2,163,0,399,62,307,73,"4,234",245, 0.058 
7/11/18,339,12,2022,86,,,118,8,629,2,75,5,120,8,487,23,307,89,"4,097",232, 0.057 
7/10/18,1213,64,983,9,,,113,7,294,16,110,0,148,0,708,15,378,85,"3,948",196, 0.050 
7/9/18,1024,30,1540,94,,,137,9,514,33,59,2,83,4,412,77,291,48,"4,061",297, 0.073 
7/8/18,731,40,354,3,,,105,7,994,45,133,7,97,19,355,58,318,0,"3,086",144, 0.047 
7/7/18,788,42,834,0,,,122,8,143,6,45,2,222,0,786,0,321,74,"3,261",132, 0.041 
7/6/18,825,49,467,22,,,96,6,1398,12,53,5,64,3,471,35,243,0,"3,616",79, 0.022 
7/5/18,740,41,2318,112,,,115,8,718,69,120,6,122,1,364,17,222,18,"4,719",271, 0.058 
7/4/18,846,61,1183,1,,,110,7,541,21,57,0,80,0,401,74,276,56,"3,494",220, 0.063 
7/3/18,1129,30,1337,138,,,97,6,746,28,50,0,82,0,523,36,228,0,"4,191",200, 0.048 
7/2/18,560,51,2354,142,,,133,9,1005,41,67,1,85,0,508,56,270,50,"4,982",349, 0.070 
7/1/18,375,23,838,0,,,97,6,756,53,45,0,156,0,681,31,312,84,"3,261",197, 0.060 
6/30/18,677,33,1977,136,,,140,9,0,0,77,2,164,0,570,63,335,70,"3,940",313, 0.079 
6/29/18,332,18,1004,0,,,181,12,629,36,162,0,87,10,412,0,247,36,"3,053",112, 0.037 
6/28/18,614,13,814,18,,,102,7,680,58,81,0,46,0,394,0,256,24,"2,988",120, 0.040 
6/27/18,770,34,1073,0,,,117,7,800,19,92,7,107,0,533,68,334,0,"3,825",136, 0.036 
6/26/18,1323,70,951,0,,,103,7,1140,3,99,7,193,4,522,15,166,72,"4,497",177, 0.039 
6/25/18,464,20,843,0,,,131,9,607,10,120,8,130,0,586,87,294,0,"3,176",113, 0.036 
6/24/18,913,72,1594,117,,,97,6,879,41,140,0,65,0,530,88,282,26,"4,500",351, 0.078 
6/23/18,666,38,1531,36,,,132,9,765,9,114,3,124,14,634,0,355,112,"4,321",220, 0.051 
6/22/18,1319,91,1029,50,,,125,8,936,41,147,0,103,0,467,26,307,13,"4,434",229, 0.052 
6/21/18,592,54,1985,33,,,100,6,546,3,115,0,82,0,663,21,183,18,"4,266",135, 0.032 
6/20/18,1241,35,2014,50,,,120,8,412,12,88,0,117,0,369,23,256,77,"4,618",205, 0.044 
6/19/18,709,35,1580,35,,,122,8,154,5,153,10,140,14,426,0,328,40,"3,611",147, 0.041 
6/18/18,1001,48,483,14,,,130,8,341,26,180,8,56,2,555,0,345,32,"3,091",138, 0.045 
6/17/18,847,51,1618,0,,,96,6,753,2,78,2,76,0,530,107,390,0,"4,389",130, 0.030 
6/16/18,1004,54,1094,37,,,104,7,529,28,196,13,162,15,608,0,275,0,"3,970",136, 0.034 
6/15/18,722,6,1376,3,,,110,7,276,13,48,0,153,22,608,21,251,90,"3,545",162, 0.046 
6/14/18,509,32,1942,9,,,111,7,473,1,135,4,33,4,461,27,232,2,"3,895",87, 0.022 
6/13/18,1266,55,1530,47,,,90,6,588,20,114,4,147,0,652,77,340,85,"4,728",293, 0.062 
6/12/18,821,15,0,1,,,111,7,487,12,74,0,149,0,550,0,183,22,"2,375",57, 0.024 
6/11/18,734,26,477,0,,,96,6,124,4,58,2,31,1,545,16,299,108,"2,364",163, 0.069 
6/10/18,847,70,1533,48,,,125,8,264,6,78,4,46,0,624,46,208,81,"3,724",264, 0.071 
6/9/18,848,61,1533,83,,,114,7,1210,48,139,3,105,0,331,51,374,0,"4,655",253, 0.054 
6/8/18,655,22,2319,0,,,103,7,333,7,107,5,136,1,430,0,320,2,"4,404",44, 0.010 
6/7/18,508,29,2566,162,,,119,8,537,0,103,0,160,11,627,87,301,19,"4,921",316, 0.064 
6/6/18,1505,105,1558,11,,,99,6,1072,92,119,3,126,0,580,52,341,50,"5,402",319, 0.059 
6/5/18,934,32,1041,0,,,101,6,94,2,79,5,137,3,549,5,254,63,"3,189",117, 0.037 
6/4/18,1156,84,817,78,,,114,7,900,35,68,1,76,0,386,53,313,62,"3,830",321, 0.084 
6/3/18,1134,82,1201,123,,,132,9,840,18,71,4,163,15,500,36,217,102,"4,259",388, 0.091 
6/2/18,854,29,1661,0,,,114,7,985,82,154,0,83,14,609,0,301,63,"4,762",195, 0.041 
6/1/18,1117,104,2675,28,,,93,6,904,28,65,1,126,0,655,44,382,14,"6,015",226, 0.038 
5/31/18,928,50,1049,7,,,140,9,1287,119,119,0,139,15,456,27,233,89,"4,351",317, 0.073 
5/30/18,447,17,1616,92,,,96,6,859,19,147,0,117,17,565,33,198,32,"4,044",216, 0.053 
5/29/18,495,25,998,0,,,98,6,513,26,51,4,108,8,402,0,296,75,"2,962",143, 0.048 
5/28/18,895,34,2146,54,,,111,7,253,16,74,2,79,6,305,0,272,121,"4,136",240, 0.058 
5/27/18,732,47,1926,0,,,94,6,908,38,117,4,0,0,465,47,271,130,"4,512",271, 0.060 
5/26/18,924,71,3160,62,,,132,9,566,42,75,5,77,10,593,31,236,0,"5,763",227, 0.039 
5/25/18,587,44,1305,0,,,81,5,708,1,89,7,166,5,505,56,250,122,"3,692",241, 0.065 
5/24/18,997,44,888,0,,,102,7,726,25,91,3,157,0,461,0,359,23,"3,781",101, 0.027 
5/23/18,173,6,978,0,,,105,7,621,8,95,2,48,8,680,36,196,54,"2,896",120, 0.042 
5/22/18,605,24,1176,44,,,111,7,820,0,104,1,121,0,603,70,352,61,"3,893",208, 0.053 
5/21/18,600,58,1665,101,,,130,8,245,9,91,6,68,2,434,3,315,9,"3,548",196, 0.055 
5/20/18,265,13,404,0,,,123,8,340,21,106,6,150,1,484,39,307,53,"2,179",141, 0.065 
5/19/18,575,39,1930,50,,,123,8,1122,52,121,7,75,8,674,1,338,58,"4,957",222, 0.045 
5/18/18,885,52,2486,99,,,118,8,360,0,116,0,169,0,511,2,239,47,"4,884",207, 0.042 
5/17/18,874,52,1504,93,,,107,7,802,69,126,1,76,8,549,0,233,81,"4,271",312, 0.073 
5/16/18,792,19,1070,25,,,125,8,765,33,51,2,120,0,522,24,256,76,"3,701",187, 0.051 
5/15/18,792,26,1191,0,,,109,7,735,15,93,4,116,1,705,0,145,47,"3,886",100, 0.026 
5/14/18,1069,79,1445,26,,,118,8,142,5,84,4,96,13,640,54,271,74,"3,866",262, 0.068 
5/13/18,848,78,2304,29,,,127,8,1007,57,98,5,235,3,349,0,315,70,"5,284",251, 0.048 
5/12/18,1341,68,1951,120,,,130,8,740,87,163,0,77,4,647,0,301,109,"5,349",396, 0.074 
5/11/18,803,28,2127,22,,,107,7,636,5,125,7,159,11,549,18,207,101,"4,714",198, 0.042 
5/10/18,826,69,1911,62,,,108,7,907,37,17,1,162,18,458,34,287,90,"4,675",319, 0.068 
5/9/18,1721,119,1060,53,,,93,6,727,9,95,4,93,0,710,74,345,0,"4,844",209, 0.043 
5/8/18,734,47,2523,96,,,113,7,608,38,160,0,65,1,447,0,291,22,"4,940",211, 0.043 
5/7/18,987,49,640,7,,,93,6,1057,33,59,2,76,0,526,1,237,0,"3,675",47, 0.013 
5/6/18,187,13,1474,6,,,151,10,412,0,108,0,205,6,464,0,290,49,"3,291",84, 0.026 
5/5/18,120,10,1700,83,,,92,6,1217,58,51,0,24,1,442,96,320,56,"3,967",311, 0.078 
5/4/18,689,68,1498,21,,,95,6,98,8,111,1,23,0,609,0,243,104,"3,366",207, 0.062 
5/3/18,1110,55,1590,65,,,97,6,266,7,103,2,74,0,493,17,228,0,"3,960",89, 0.022 
5/2/18,765,79,895,20,,,120,8,695,33,92,2,62,0,601,25,292,68,"3,521",235, 0.067 
5/1/18,1168,48,1618,23,,,117,7,1099,19,121,2,88,0,514,52,339,67,"5,064",219, 0.043 
4/30/18,509,34,849,0,,,129,8,575,25,60,1,97,7,567,18,321,189,"3,107",282, 0.091 
4/29/18,854,26,1082,1,,,129,8,453,12,97,4,71,0,503,0,375,114,"3,564",166, 0.047 
4/28/18,525,32,461,14,,,115,7,838,26,86,1,34,1,609,45,313,105,"2,982",232, 0.078 
4/27/18,1517,90,875,0,,,112,7,197,0,92,2,47,3,469,99,384,52,"3,693",253, 0.068 
4/26/18,180,11,1090,52,,,110,7,1168,77,90,7,130,2,557,29,203,50,"3,529",234, 0.066 
4/25/18,915,42,869,50,,,139,9,975,44,127,6,0,0,562,0,272,60,"3,860",211, 0.055 
4/24/18,632,41,1313,0,,,124,8,432,18,105,0,80,0,703,50,260,113,"3,648",230, 0.063 
4/23/18,654,20,2428,92,,,117,8,996,35,67,3,163,8,461,0,332,88,"5,218",254, 0.049 
4/22/18,781,39,1156,13,,,116,8,1201,0,101,0,116,5,371,11,215,85,"4,057",161, 0.040 
4/21/18,919,47,1974,112,,,116,7,176,3,151,11,24,2,396,21,286,14,"4,041",218, 0.054 
4/20/18,1031,45,2249,92,,,114,7,557,0,57,2,108,4,446,49,349,0,"4,912",186, 0.038 
4/19/18,120,6,1480,29,,,117,8,604,11,114,2,130,9,445,34,265,84,"3,274",182, 0.055 
4/18/18,193,9,1696,0,,,118,8,541,21,114,4,246,0,610,0,302,0,"3,821",0, -   
4/17/18,885,50,806,24,,,97,6,592,11,90,2,40,0,498,10,282,35,"3,291",139, 0.042 
4/16/18,859,60,833,30,,,140,9,399,23,102,3,110,5,529,81,336,51,"3,309",263, 0.079 
4/15/18,543,11,520,8,,,106,7,388,0,129,0,51,2,577,60,381,161,"2,696",248, 0.092 
4/14/18,1280,92,327,6,,,110,7,776,10,50,2,124,7,511,28,346,81,"3,525",233, 0.066 
4/13/18,639,49,1514,100,,,,,,,101,6,113,2,492,18,227,0,"3,085",166, 0.054 
4/12/18,1092,57,1409,93,,,,,,,134,6,71,3,585,120,309,0,"3,600",275, 0.077 
4/11/18,986,50,1085,0,,,,,,,87,10,37,0,501,45,220,86,"2,916",190, 0.065 
4/10/18,666,33,1609,0,,,,,,,107,3,175,0,523,68,180,124,"3,260",228, 0.070 
4/9/18,1189,64,1463,62,,,,,,,125,2,118,11,743,1,327,24,"3,965",164, 0.041 
4/8/18,914,60,1465,0,,,,,,,79,4,109,11,378,25,317,92,"3,263",192, 0.059 
4/7/18,498,36,862,2,,,,,,,74,3,198,9,497,32,329,0,"2,458",42, 0.017 
4/6/18,806,67,1821,80,,,,,,,111,1,77,2,649,38,401,111,"3,865",300, 0.078 
4/5/18,636,1,1101,18,,,,,,,61,3,102,2,746,37,381,0,"3,027",8, 0.003 
4/4/18,860,70,1631,0,,,,,,,114,5,214,15,633,18,307,109,"3,759",216, 0.058 
4/3/18,936,48,1926,61,,,,,,,108,6,102,3,578,0,287,47,"3,939",165, 0.042 
4/2/18,550,30,1531,119,,,,,,,81,5,99,0,472,57,274,46,"3,008",257, 0.085 
4/1/18,878,61,844,31,,,,,,,108,12,245,0,533,35,396,29,"3,005",167, 0.056 
3/31/18,330,28,1438,37,,,,,,,154,8,150,9,606,45,347,136,"3,025",264, 0.087 
3/30/18,1348,58,1460,132,,,,,,,109,3,137,2,406,16,305,70,"3,764",280, 0.074 
3/29/18,886,28,2116,0,,,,,,,125,0,187,0,713,65,223,74,"4,249",167, 0.039 
3/28/18,863,60,624,13,,,,,,,72,2,169,15,428,0,236,0,"2,392",77, 0.032 
3/27/18,693,15,487,0,,,,,,,92,5,38,0,454,6,370,0,"2,134",19, 0.009 
3/26/18,893,45,2067,10,,,,,,,37,2,90,0,422,24,235,75,"3,744",156, 0.042 
3/25/18,770,37,1769,0,,,,,,,136,11,5,0,639,49,259,40,"3,577",137, 0.038 
3/24/18,874,58,737,40,,,,,,,134,14,40,2,411,41,285,79,"2,482",235, 0.095 
3/23/18,1477,62,2253,0,,,,,,,64,2,104,3,550,0,262,26,"4,710",94, 0.020 
3/22/18,613,49,486,0,,,,,,,134,0,99,4,553,32,303,65,"2,188",151, 0.069 
3/21/18,276,15,819,0,,,,,,,35,0,101,0,492,28,323,0,"2,045",41, 0.020 
3/20/18,649,71,636,6,,,,,,,12,0,86,0,632,21,212,19,"2,228",117, 0.053 
3/19/18,755,52,1631,18,,,,,,,76,2,39,1,543,21,301,76,"3,345",170, 0.051 
3/18/18,900,58,1484,19,,,,,,,134,4,113,9,581,0,204,65,"3,416",156, 0.046 
3/17/18,601,53,979,0,,,,,,,61,0,138,0,532,30,217,72,"2,529",154, 0.061 
3/16/18,954,53,2728,0,,,,,,,67,0,86,0,495,74,279,36,"4,608",163, 0.035 
3/15/18,258,0,1103,0,,,,,,,88,0,73,0,465,40,360,67,"2,346",108, 0.046 
3/14/18,621,48,781,16,,,,,,,117,6,81,7,645,34,291,29,"2,536",140, 0.055 
3/13/18,755,41,2315,69,,,,,,,98,3,123,0,484,0,237,0,"4,013",89, 0.022 
3/12/18,1068,72,1357,147,,,,,,,113,3,126,14,377,24,290,236,"3,331",496, 0.149 
3/11/18,1049,72,1177,44,,,,,,,27,2,36,0,530,44,261,0,"3,080",159, 0.052 
3/10/18,858,68,848,0,,,,,,,136,5,111,4,491,56,314,176,"2,758",309, 0.112 
3/9/18,1228,36,971,16,,,,,,,113,6,95,6,637,24,401,94,"3,445",182, 0.053 
3/8/18,779,47,674,0,,,,,,,133,10,95,2,447,10,370,37,"2,497",107, 0.043 
3/7/18,861,72,464,0,,,,,,,158,9,66,0,451,10,330,80,"2,331",170, 0.073 
3/6/18,379,19,765,8,,,,,,,76,1,53,0,538,6,326,0,"2,138",12, 0.006 
3/5/18,932,59,2041,0,,,,,,,110,7,126,0,609,139,150,0,"3,968",181, 0.046 
3/4/18,246,20,914,42,,,,,,,70,6,107,4,579,4,293,0,"2,209",48, 0.022 
3/3/18,936,45,2594,153,,,,,,,143,10,179,10,440,15,233,141,"4,525",374, 0.083 
3/2/18,468,25,1372,0,,,,,,,68,2,33,0,500,54,291,79,"2,733",159, 0.058 
3/1/18,683,68,2292,0,,,,,,,105,1,104,0,516,74,334,58,"4,033",201, 0.050 
2/28/18,836,43,866,17,,,,,,,25,1,61,8,400,58,260,57,"2,448",183, 0.075 
2/27/18,814,47,1103,5,,,,,,,85,3,156,0,496,25,276,83,"2,931",163, 0.056 
2/26/18,446,26,468,6,,,,,,,143,1,84,0,245,9,243,0,"1,628",32, 0.020 
2/25/18,779,44,2126,90,,,,,,,88,1,119,12,497,14,210,96,"3,819",258, 0.068 
2/24/18,707,73,1508,0,,,,,,,91,0,151,4,515,7,328,186,"3,300",270, 0.082 
2/23/18,970,70,1323,56,,,,,,,96,5,0,0,625,95,375,15,"3,388",242, 0.071 
2/22/18,891,67,982,19,,,,,,,40,1,132,6,531,59,245,130,"2,821",282, 0.100 
2/21/18,977,67,2286,105,,,,,,,133,2,110,3,736,109,321,147,"4,563",433, 0.095 
2/20/18,474,25,1726,6,,,,,,,94,2,99,8,472,17,328,153,"3,192",211, 0.066 
2/19/18,1218,92,1567,123,,,,,,,103,8,94,6,408,7,300,85,"3,689",322, 0.087 
2/18/18,1340,98,0,5,,,,,,,89,0,112,4,516,0,401,34,"2,458",141, 0.057 
2/17/18,888,52,2009,138,,,,,,,89,2,67,3,434,12,310,58,"3,796",265, 0.070 
2/16/18,1208,52,1458,0,,,,,,,99,7,152,14,472,53,322,66,"3,710",191, 0.051 
2/15/18,402,16,2214,17,,,,,,,107,7,0,0,593,29,270,12,"3,587",81, 0.023 
2/14/18,1291,105,1110,0,,,,,,,61,0,95,0,615,46,254,47,"3,426",198, 0.058 
2/13/18,1130,87,743,7,,,,,,,49,0,166,17,511,34,268,0,"2,867",143, 0.050 
2/12/18,522,29,1648,0,,,,,,,60,3,164,11,390,57,305,83,"3,090",183, 0.059 
2/11/18,637,48,1960,0,,,,,,,112,0,93,1,387,4,282,0,"3,471",47, 0.013 
2/10/18,287,22,2614,148,,,,,,,106,2,144,21,714,109,297,48,"4,163",350, 0.084 
2/9/18,764,45,1378,97,,,,,,,74,5,179,0,469,63,301,100,"3,166",310, 0.098 
2/8/18,369,21,1303,0,,,,,,,111,4,110,0,592,9,301,143,"2,786",178, 0.064 
2/7/18,444,20,1246,123,,,,,,,59,2,74,3,452,0,317,95,"2,591",242, 0.093 
2/6/18,1330,89,2419,35,,,,,,,55,3,211,0,408,50,301,11,"4,723",188, 0.040 
2/5/18,530,28,1498,45,,,,,,,90,5,124,3,527,17,354,3,"3,123",101, 0.032 
2/4/18,967,16,1714,45,,,,,,,96,7,101,1,386,63,255,0,"3,520",127, 0.036 
2/3/18,431,25,1264,0,,,,,,,112,9,150,8,524,13,203,17,"2,686",72, 0.027 
2/2/18,1045,62,1131,20,,,,,,,157,1,83,0,505,2,299,83,"3,221",167, 0.052 
2/1/18,908,37,571,7,,,,,,,133,7,56,9,726,0,265,92,"2,658",152, 0.057 
1/31/18,1246,78,2036,0,,,,,,,86,4,92,0,474,0,298,84,"4,232",165, 0.039 
1/30/18,571,25,1505,0,,,,,,,12,0,55,7,387,8,306,39,"2,836",80, 0.028 
1/29/18,590,28,1925,99,,,,,,,68,4,112,6,362,0,312,93,"3,370",231, 0.069 
1/28/18,1128,61,1251,56,,,,,,,138,5,88,0,389,40,386,74,"3,380",235, 0.070 
1/27/18,1218,86,759,0,,,,,,,48,3,32,0,652,20,282,62,"2,991",170, 0.057 
1/26/18,1117,57,3194,0,,,,,,,92,0,121,0,596,84,293,82,"5,414",223, 0.041 
1/25/18,958,4,1849,49,,,,,,,115,1,99,9,649,0,279,9,"3,950",72, 0.018 
1/24/18,873,64,1661,68,,,,,,,38,1,167,12,561,40,294,92,"3,593",277, 0.077 
1/23/18,583,25,1347,0,,,,,,,100,0,121,0,607,19,300,49,"3,057",93, 0.031 
1/22/18,495,37,2710,0,,,,,,,91,4,117,1,515,0,300,86,"4,228",129, 0.031 
1/21/18,485,26,1991,49,,,,,,,82,3,117,2,348,9,288,112,"3,311",202, 0.061 
1/20/18,518,23,2475,127,,,,,,,149,2,176,7,570,45,231,8,"4,118",212, 0.051 
1/19/18,1179,71,2517,194,,,,,,,118,1,85,5,558,0,204,64,"4,661",335, 0.072 
1/18/18,1364,51,2531,0,,,,,,,29,2,50,3,460,49,326,48,"4,760",152, 0.032 
1/17/18,1285,68,2220,0,,,,,,,128,8,122,0,635,48,287,108,"4,678",231, 0.049 
1/16/18,705,76,1573,157,,,,,,,97,0,12,1,543,9,366,77,"3,297",320, 0.097 
1/15/18,1509,91,1456,108,,,,,,,101,1,112,0,566,0,207,88,"3,950",288, 0.073 
1/14/18,1272,87,1525,66,,,,,,,100,5,145,0,431,30,343,28,"3,817",216, 0.057 
1/13/18,1229,62,1535,42,,,,,,,100,3,116,7,543,6,391,56,"3,914",175, 0.045 
1/12/18,1348,36,368,38,,,,,,,61,1,115,8,557,0,319,12,"2,767",95, 0.034 
1/11/18,1411,100,2022,93,,,,,,,112,0,50,6,661,4,359,51,"4,616",252, 0.055 
1/10/18,1029,54,2014,0,,,,,,,88,1,134,0,497,0,351,30,"4,114",86, 0.021 
1/9/18,539,19,164,17,,,,,,,72,0,69,4,283,3,296,143,"1,422",184, 0.130 
1/8/18,601,35,1820,164,,,,,,,99,6,40,0,733,0,310,13,"3,604",218, 0.061 
1/7/18,461,11,997,63,,,,,,,81,3,146,13,511,64,356,52,"2,552",207, 0.081 
1/6/18,590,38,1106,32,,,,,,,84,2,105,0,617,0,356,10,"2,858",82, 0.029 
1/5/18,603,24,1860,73,,,,,,,84,0,108,0,704,52,364,115,"3,723",264, 0.071 
1/4/18,569,31,1524,61,,,,,,,99,6,163,0,417,0,355,0,"3,128",64, 0.020 
1/3/18,686,45,1486,10,,,,,,,64,1,119,0,482,31,360,42,"3,197",129, 0.040 
1/2/18,725,61,649,65,,,,,,,95,2,59,6,570,35,268,45,"2,366",214, 0.091 
1/1/18,502,42,680,20,,,,,,,100,1,150,0,469,57,315,58,"2,217",179, 0.081 